<?xml version="1.0" encoding="UTF-8" standalone="yes" ?><cp:coreProperties xmlns:cp="http://schemas.openxmlformats.org/package/2006/metadata/core-properties" xmlns:dc="http://purl.org/dc/elements/1.1/" xmlns:dcmitype="http://purl.org/dc/dcmitype/" xmlns:dcterms="http://purl.org/dc/terms/" xmlns:xsi="http://www.w3.org/2001/XMLSchema-instance"><cp:category>model</cp:category><dcterms:created xsi:type="dcterms:W3CDTF">2023-04-15T07:13:33Z</dcterms:created><dc:creator>moniq</dc:creator><dc:description></dc:description><cp:lastModifiedBy>aluno</cp:lastModifiedBy><dcterms:modified xsi:type="dcterms:W3CDTF">2023-05-12T18:07:56Z</dcterms:modified><cp:revision>8</cp:revision><cp:version>R2014a</cp:version></cp:coreProperties>