<?xml version="1.0" encoding="utf-8"?>
<System>
  <P Name="Location">[-1, -8, 1367, 729]</P>
  <P Name="Open">on</P>
  <P Name="ZoomFactor">103</P>
  <P Name="ReportName">simulink-default.rpt</P>
  <P Name="SIDHighWatermark">41</P>
  <Block BlockType="DashboardScope" Name="Dashboard Scope" SID="10">
    <P Name="Position">[255, 100, 920, 310]</P>
    <P Name="ZOrder">77</P>
    <P Name="ForegroundColor">[0.815686, 0.823529, 0.827451]</P>
    <P Name="ShowName">off</P>
    <P Name="BindingPersistence" Ref="bdmxdata:BindingPersistence_10"/>
    <P Name="Ymax">50</P>
    <P Name="FontColor" Ref="bdmxdata:FontColor_10"/>
    <P Name="Colors" Ref="bdmxdata:Colors_10"/>
  </Block>
  <Block BlockType="DashboardScope" Name="Dashboard Scope1" SID="21">
    <P Name="Position">[255, 315, 920, 515]</P>
    <P Name="ZOrder">644</P>
    <P Name="ForegroundColor">[0.815690, 0.823530, 0.827450]</P>
    <P Name="ShowName">off</P>
    <P Name="BindingPersistence" Ref="bdmxdata:BindingPersistence_21"/>
    <P Name="Ymax">50</P>
    <P Name="UpdateMode">Scroll</P>
    <P Name="NormalizeYAxis">on</P>
    <P Name="FontColor" Ref="bdmxdata:FontColor_21"/>
    <P Name="Colors" Ref="bdmxdata:Colors_21"/>
  </Block>
  <Block BlockType="Derivative" Name="Derivative" SID="19">
    <P Name="Position">[-135, 385, -105, 415]</P>
    <P Name="ZOrder">642</P>
  </Block>
  <Block BlockType="Reference" Name="Fuzzy Logic &#xA;Controller" SID="18">
    <PortCounts in="1" out="1"/>
    <P Name="Position">[-50, 352, 20, 408]</P>
    <P Name="ZOrder">641</P>
    <P Name="LibraryVersion">6.1</P>
    <P Name="SourceBlock">fuzblock/Fuzzy Logic 
Controller</P>
    <P Name="SourceType">Fuzzy Inference System</P>
    <InstanceData>
      <P Name="RTWMemSecFuncInitTerm">Inherit from model</P>
      <P Name="RTWMemSecFuncExecute">Inherit from model</P>
      <P Name="RTWMemSecDataConstants">Inherit from model</P>
      <P Name="RTWMemSecDataInternal">Inherit from model</P>
      <P Name="RTWMemSecDataParameters">Inherit from model</P>
      <P Name="ContentPreviewEnabled">on</P>
      <P Name="FIS">&apos;Fuzzy_S2.fis&apos;</P>
      <P Name="OutputSampleNumber">101</P>
      <P Name="DataType">double</P>
      <P Name="FuzzifiedInputs">off</P>
      <P Name="RuleFiringStrengths">off</P>
      <P Name="RuleOutputs">off</P>
      <P Name="AggregatedOutputs">off</P>
      <P Name="SimulateUsing">Interpreted execution</P>
      <P Name="OutOfRangeInputValueMessage">warning</P>
      <P Name="NoRuleFiredMessage">warning</P>
      <P Name="EmptyOutputFuzzySetMessage">warning</P>
    </InstanceData>
    <PortProperties>
      <Port Type="out" Index="1">
        <P Name="PropagatedSignals">defuzzifiedOutputs</P>
      </Port>
    </PortProperties>
  </Block>
  <Block BlockType="Mux" Name="Mux" SID="20">
    <PortCounts in="2" out="1"/>
    <P Name="Position">[-80, 361, -75, 399]</P>
    <P Name="ZOrder">643</P>
    <P Name="Inputs">2</P>
    <P Name="DisplayOption">bar</P>
  </Block>
  <Block BlockType="Scope" Name="Scope" SID="5">
    <PortCounts in="1"/>
    <P Name="Position">[105, 174, 135, 206]</P>
    <P Name="ZOrder">5</P>
    <P Name="ScopeSpecificationString">Simulink.scopes.TimeScopeBlockCfg(&apos;CurrentConfiguration&apos;, extmgr.ConfigurationSet(extmgr.Configuration(&apos;Core&apos;,&apos;General UI&apos;,true),extmgr.Configuration(&apos;Core&apos;,&apos;Source UI&apos;,true),extmgr.Configuration(&apos;Sources&apos;,&apos;WiredSimulink&apos;,true),extmgr.Configuration(&apos;Visuals&apos;,&apos;Time Domain&apos;,true,&apos;SerializedDisplays&apos;,{struct(&apos;MinYLimReal&apos;,&apos;-2.96325&apos;,&apos;MaxYLimReal&apos;,&apos;26.66925&apos;,&apos;YLabelReal&apos;,&apos;&apos;,&apos;MinYLimMag&apos;,&apos;0.00000&apos;,&apos;MaxYLimMag&apos;,&apos;26.66925&apos;,&apos;LegendVisibility&apos;,&apos;off&apos;,&apos;XGrid&apos;,true,&apos;YGrid&apos;,true,&apos;PlotMagPhase&apos;,false,&apos;AxesColor&apos;,[0 0 0],&apos;AxesTickColor&apos;,[0.686274509803922 0.686274509803922 0.686274509803922],&apos;ColorOrder&apos;,[1 1 0.0666666666666667;0.0745098039215686 0.623529411764706 1;1 0.411764705882353 0.16078431372549;0.392156862745098 0.831372549019608 0.0745098039215686;0.717647058823529 0.274509803921569 1;0.0588235294117647 1 1;1 0.0745098039215686 0.650980392156863],&apos;Title&apos;,&apos;%&lt;SignalLabel&gt;&apos;,&apos;LinePropertiesCache&apos;,{{}},&apos;UserDefinedChannelNames&apos;,{{}},&apos;NumLines&apos;,1,&apos;LineNames&apos;,{{&apos;State-Space&apos;}},&apos;ShowContent&apos;,true,&apos;Placement&apos;,1)},&apos;DisplayPropertyDefaults&apos;,struct(&apos;MinYLimReal&apos;,&apos;-2.96325&apos;,&apos;MaxYLimReal&apos;,&apos;26.66925&apos;,&apos;YLabelReal&apos;,&apos;&apos;,&apos;MinYLimMag&apos;,&apos;0.00000&apos;,&apos;MaxYLimMag&apos;,&apos;26.66925&apos;,&apos;LegendVisibility&apos;,&apos;off&apos;,&apos;XGrid&apos;,true,&apos;YGrid&apos;,true,&apos;PlotMagPhase&apos;,false,&apos;AxesColor&apos;,[0 0 0],&apos;AxesTickColor&apos;,[0.686274509803922 0.686274509803922 0.686274509803922],&apos;ColorOrder&apos;,[0.0745098039215686 0.623529411764706 1;1 0.411764705882353 0.16078431372549;1 1 0.0666666666666667;0.717647058823529 0.274509803921569 1;0.392156862745098 0.831372549019608 0.0745098039215686;0.0588235294117647 1 1;1 0.0745098039215686 0.650980392156863])),extmgr.Configuration(&apos;Tools&apos;,&apos;Plot Navigation&apos;,true,&apos;OnceAtStop&apos;,false,&apos;PreviousZoomMode&apos;,&apos;Pan&apos;,&apos;PreviousAutoscale&apos;,&apos;XY&apos;),extmgr.Configuration(&apos;Tools&apos;,&apos;Measurements&apos;,true,&apos;Version&apos;,&apos;2023a&apos;)),&apos;Version&apos;,&apos;2023a&apos;,&apos;Position&apos;,[403 174 799 420])</P>
    <P Name="NumInputPorts">1</P>
    <P Name="Floating">off</P>
  </Block>
  <Block BlockType="Scope" Name="Scope1" SID="12">
    <PortCounts in="1"/>
    <P Name="Position">[180, 364, 210, 396]</P>
    <P Name="ZOrder">82</P>
    <P Name="ScopeSpecificationString">Simulink.scopes.TimeScopeBlockCfg(&apos;CurrentConfiguration&apos;, extmgr.ConfigurationSet(extmgr.Configuration(&apos;Core&apos;,&apos;General UI&apos;,true),extmgr.Configuration(&apos;Core&apos;,&apos;Source UI&apos;,true),extmgr.Configuration(&apos;Sources&apos;,&apos;WiredSimulink&apos;,true,&apos;DataLoggingVariableName&apos;,&apos;ScopeData1&apos;),extmgr.Configuration(&apos;Visuals&apos;,&apos;Time Domain&apos;,true,&apos;SerializedDisplays&apos;,{struct(&apos;MinYLimReal&apos;,&apos;-2.62326&apos;,&apos;MaxYLimReal&apos;,&apos;23.60937&apos;,&apos;YLabelReal&apos;,&apos;&apos;,&apos;MinYLimMag&apos;,&apos;0.00000&apos;,&apos;MaxYLimMag&apos;,&apos;23.60937&apos;,&apos;LegendVisibility&apos;,&apos;Off&apos;,&apos;XGrid&apos;,true,&apos;YGrid&apos;,true,&apos;PlotMagPhase&apos;,false,&apos;AxesColor&apos;,[0 0 0],&apos;AxesTickColor&apos;,[0.686274509803922 0.686274509803922 0.686274509803922],&apos;ColorOrder&apos;,[1 1 0.0666666666666667;0.0745098039215686 0.623529411764706 1;1 0.411764705882353 0.16078431372549;0.392156862745098 0.831372549019608 0.0745098039215686;0.717647058823529 0.274509803921569 1;0.0588235294117647 1 1;1 0.0745098039215686 0.650980392156863],&apos;Title&apos;,&apos;%&lt;SignalLabel&gt;&apos;,&apos;LinePropertiesCache&apos;,{{}},&apos;UserDefinedChannelNames&apos;,{{}},&apos;NumLines&apos;,1,&apos;LineNames&apos;,{{&apos;State-Space1&apos;}},&apos;ShowContent&apos;,true,&apos;Placement&apos;,1)},&apos;DisplayPropertyDefaults&apos;,struct(&apos;MinYLimReal&apos;,&apos;-2.62326&apos;,&apos;MaxYLimReal&apos;,&apos;23.60937&apos;,&apos;YLabelReal&apos;,&apos;&apos;,&apos;MinYLimMag&apos;,&apos;0.00000&apos;,&apos;MaxYLimMag&apos;,&apos;23.60937&apos;,&apos;LegendVisibility&apos;,&apos;Off&apos;,&apos;XGrid&apos;,true,&apos;YGrid&apos;,true,&apos;PlotMagPhase&apos;,false,&apos;AxesColor&apos;,[0 0 0],&apos;AxesTickColor&apos;,[0.686274509803922 0.686274509803922 0.686274509803922],&apos;ColorOrder&apos;,[0.0745098039215686 0.623529411764706 1;1 0.411764705882353 0.16078431372549;1 1 0.0666666666666667;0.717647058823529 0.274509803921569 1;0.392156862745098 0.831372549019608 0.0745098039215686;0.0588235294117647 1 1;1 0.0745098039215686 0.650980392156863]),&apos;MaximizeAxes&apos;,&apos;Auto&apos;),extmgr.Configuration(&apos;Tools&apos;,&apos;Plot Navigation&apos;,true,&apos;OnceAtStop&apos;,false,&apos;PreviousAutoscale&apos;,&apos;XY&apos;),extmgr.Configuration(&apos;Tools&apos;,&apos;Measurements&apos;,true,&apos;Version&apos;,&apos;2023a&apos;)),&apos;Version&apos;,&apos;2023a&apos;,&apos;Position&apos;,[333 117 854 460],&apos;OpenAtMdlStart&apos;,true)</P>
    <P Name="NumInputPorts">1</P>
    <P Name="Floating">off</P>
  </Block>
  <Block BlockType="Scope" Name="Scope2" SID="39">
    <PortCounts in="1"/>
    <P Name="Position">[70, 289, 100, 321]</P>
    <P Name="ZOrder">656</P>
    <P Name="ScopeSpecificationString">Simulink.scopes.TimeScopeBlockCfg(&apos;CurrentConfiguration&apos;, extmgr.ConfigurationSet(extmgr.Configuration(&apos;Core&apos;,&apos;General UI&apos;,true),extmgr.Configuration(&apos;Core&apos;,&apos;Source UI&apos;,true),extmgr.Configuration(&apos;Sources&apos;,&apos;WiredSimulink&apos;,true,&apos;DataLoggingVariableName&apos;,&apos;ScopeData1&apos;),extmgr.Configuration(&apos;Visuals&apos;,&apos;Time Domain&apos;,true,&apos;SerializedDisplays&apos;,{struct(&apos;MinYLimReal&apos;,&apos;0.75&apos;,&apos;MaxYLimReal&apos;,&apos;13.25&apos;,&apos;YLabelReal&apos;,&apos;&apos;,&apos;MinYLimMag&apos;,&apos;0.75&apos;,&apos;MaxYLimMag&apos;,&apos;13.25&apos;,&apos;LegendVisibility&apos;,&apos;off&apos;,&apos;XGrid&apos;,true,&apos;YGrid&apos;,true,&apos;PlotMagPhase&apos;,false,&apos;AxesColor&apos;,[0 0 0],&apos;AxesTickColor&apos;,[0.686274509803922 0.686274509803922 0.686274509803922],&apos;ColorOrder&apos;,[1 1 0.0666666666666667;0.0745098039215686 0.623529411764706 1;1 0.411764705882353 0.16078431372549;0.392156862745098 0.831372549019608 0.0745098039215686;0.717647058823529 0.274509803921569 1;0.0588235294117647 1 1;1 0.0745098039215686 0.650980392156863],&apos;Title&apos;,&apos;%&lt;SignalLabel&gt;&apos;,&apos;LinePropertiesCache&apos;,{{}},&apos;UserDefinedChannelNames&apos;,{{}},&apos;NumLines&apos;,1,&apos;LineNames&apos;,{{&apos;Fuzzy Logic  Controller&apos;}},&apos;ShowContent&apos;,true,&apos;Placement&apos;,1)},&apos;DisplayPropertyDefaults&apos;,struct(&apos;MinYLimReal&apos;,&apos;0.75&apos;,&apos;MaxYLimReal&apos;,&apos;13.25&apos;,&apos;YLabelReal&apos;,&apos;&apos;,&apos;MinYLimMag&apos;,&apos;0.75&apos;,&apos;MaxYLimMag&apos;,&apos;13.25&apos;,&apos;LegendVisibility&apos;,&apos;off&apos;,&apos;XGrid&apos;,true,&apos;YGrid&apos;,true,&apos;PlotMagPhase&apos;,false,&apos;AxesColor&apos;,[0 0 0],&apos;AxesTickColor&apos;,[0.686274509803922 0.686274509803922 0.686274509803922],&apos;ColorOrder&apos;,[0.0745098039215686 0.623529411764706 1;1 0.411764705882353 0.16078431372549;1 1 0.0666666666666667;0.717647058823529 0.274509803921569 1;0.392156862745098 0.831372549019608 0.0745098039215686;0.0588235294117647 1 1;1 0.0745098039215686 0.650980392156863])),extmgr.Configuration(&apos;Tools&apos;,&apos;Plot Navigation&apos;,true,&apos;OnceAtStop&apos;,false,&apos;PreviousZoomMode&apos;,&apos;Pan&apos;,&apos;PreviousAutoscale&apos;,&apos;XY&apos;),extmgr.Configuration(&apos;Tools&apos;,&apos;Measurements&apos;,true,&apos;Version&apos;,&apos;2023a&apos;)),&apos;Version&apos;,&apos;2023a&apos;)</P>
    <P Name="NumInputPorts">1</P>
    <P Name="Floating">off</P>
  </Block>
  <Block BlockType="Scope" Name="Scope3" SID="41">
    <PortCounts in="1"/>
    <P Name="Position">[-40, 279, -10, 311]</P>
    <P Name="ZOrder">658</P>
    <P Name="ScopeSpecificationString">Simulink.scopes.TimeScopeBlockCfg(&apos;CurrentConfiguration&apos;, extmgr.ConfigurationSet(extmgr.Configuration(&apos;Core&apos;,&apos;General UI&apos;,true),extmgr.Configuration(&apos;Core&apos;,&apos;Source UI&apos;,true),extmgr.Configuration(&apos;Sources&apos;,&apos;WiredSimulink&apos;,true,&apos;DataLoggingVariableName&apos;,&apos;ScopeData2&apos;),extmgr.Configuration(&apos;Visuals&apos;,&apos;Time Domain&apos;,true,&apos;SerializedDisplays&apos;,{struct(&apos;MinYLimReal&apos;,&apos;-3.98189&apos;,&apos;MaxYLimReal&apos;,&apos;33.77577&apos;,&apos;YLabelReal&apos;,&apos;&apos;,&apos;MinYLimMag&apos;,&apos;0.00000&apos;,&apos;MaxYLimMag&apos;,&apos;33.77577&apos;,&apos;LegendVisibility&apos;,&apos;off&apos;,&apos;XGrid&apos;,true,&apos;YGrid&apos;,true,&apos;PlotMagPhase&apos;,false,&apos;AxesColor&apos;,[0 0 0],&apos;AxesTickColor&apos;,[0.686274509803922 0.686274509803922 0.686274509803922],&apos;ColorOrder&apos;,[1 1 0.0666666666666667;0.0745098039215686 0.623529411764706 1;1 0.411764705882353 0.16078431372549;0.392156862745098 0.831372549019608 0.0745098039215686;0.717647058823529 0.274509803921569 1;0.0588235294117647 1 1;1 0.0745098039215686 0.650980392156863],&apos;Title&apos;,&apos;%&lt;SignalLabel&gt;&apos;,&apos;LinePropertiesCache&apos;,{{}},&apos;UserDefinedChannelNames&apos;,{{}},&apos;NumLines&apos;,2,&apos;LineNames&apos;,{{&apos;Sum1&apos;,&apos;Derivative&apos;}},&apos;ShowContent&apos;,true,&apos;Placement&apos;,1)},&apos;DisplayPropertyDefaults&apos;,struct(&apos;MinYLimReal&apos;,&apos;-3.98189&apos;,&apos;MaxYLimReal&apos;,&apos;33.77577&apos;,&apos;YLabelReal&apos;,&apos;&apos;,&apos;MinYLimMag&apos;,&apos;0.00000&apos;,&apos;MaxYLimMag&apos;,&apos;33.77577&apos;,&apos;LegendVisibility&apos;,&apos;off&apos;,&apos;XGrid&apos;,true,&apos;YGrid&apos;,true,&apos;PlotMagPhase&apos;,false,&apos;AxesColor&apos;,[0 0 0],&apos;AxesTickColor&apos;,[0.686274509803922 0.686274509803922 0.686274509803922],&apos;ColorOrder&apos;,[0.0745098039215686 0.623529411764706 1;1 0.411764705882353 0.16078431372549;1 1 0.0666666666666667;0.717647058823529 0.274509803921569 1;0.392156862745098 0.831372549019608 0.0745098039215686;0.0588235294117647 1 1;1 0.0745098039215686 0.650980392156863])),extmgr.Configuration(&apos;Tools&apos;,&apos;Plot Navigation&apos;,true,&apos;OnceAtStop&apos;,false,&apos;PreviousAutoscale&apos;,&apos;XY&apos;,&apos;PreviousZoomMode&apos;,&apos;Pan&apos;),extmgr.Configuration(&apos;Tools&apos;,&apos;Measurements&apos;,true,&apos;Version&apos;,&apos;2023a&apos;)),&apos;Version&apos;,&apos;2023a&apos;)</P>
    <P Name="NumInputPorts">1</P>
    <P Name="Floating">off</P>
  </Block>
  <Block BlockType="StateSpace" Name="State-Space" SID="2">
    <PortCounts in="1" out="1"/>
    <P Name="Position">[-20, 173, 40, 207]</P>
    <P Name="ZOrder">2</P>
    <P Name="A">A</P>
    <P Name="B">B</P>
    <P Name="C">C</P>
    <P Name="D">D</P>
    <P Name="InitialCondition">0</P>
  </Block>
  <Block BlockType="StateSpace" Name="State-Space1" SID="13">
    <PortCounts in="1" out="1"/>
    <P Name="Position">[55, 363, 115, 397]</P>
    <P Name="ZOrder">80</P>
    <P Name="A">A</P>
    <P Name="B">B</P>
    <P Name="C">C</P>
    <P Name="D">D</P>
    <P Name="InitialCondition">0</P>
    <P Name="ParameterTunability">Unconstrained</P>
  </Block>
  <Block BlockType="Step" Name="Step" SID="1">
    <P Name="Position">[-265, 365, -235, 395]</P>
    <P Name="ZOrder">1</P>
    <P Name="Time">0</P>
    <P Name="After">20</P>
    <P Name="SampleTime">0</P>
  </Block>
  <Block BlockType="Step" Name="Step1" SID="38">
    <P Name="Position">[-115, 175, -85, 205]</P>
    <P Name="ZOrder">655</P>
    <P Name="Time">0</P>
    <P Name="After">u_eq</P>
    <P Name="SampleTime">0</P>
  </Block>
  <Block BlockType="Sum" Name="Sum1" SID="15">
    <PortCounts in="2" out="1"/>
    <P Name="Position">[-180, 370, -160, 390]</P>
    <P Name="ZOrder">81</P>
    <P Name="Inputs">|+-</P>
  </Block>
  <Line>
    <P Name="ZOrder">13</P>
    <P Name="Src">2#out:1</P>
    <P Name="Dst">5#in:1</P>
  </Line>
  <Line>
    <P Name="ZOrder">29</P>
    <P Name="Src">13#out:1</P>
    <P Name="Points">[22, 0]</P>
    <Branch>
      <P Name="ZOrder">176</P>
      <P Name="Dst">12#in:1</P>
    </Branch>
    <Branch>
      <P Name="ZOrder">28</P>
      <P Name="Points">[0, 56; -312, 0]</P>
      <P Name="Dst">15#in:2</P>
    </Branch>
  </Line>
  <Line>
    <P Name="ZOrder">31</P>
    <P Name="Src">15#out:1</P>
    <P Name="Points">[5, 0]</P>
    <Branch>
      <P Name="ZOrder">179</P>
      <P Name="Points">[0, -10]</P>
      <P Name="Dst">20#in:1</P>
    </Branch>
    <Branch>
      <P Name="ZOrder">34</P>
      <P Name="Dst">19#in:1</P>
    </Branch>
  </Line>
  <Line>
    <P Name="ZOrder">32</P>
    <P Name="Src">20#out:1</P>
    <P Name="Points">[5, 0]</P>
    <Branch>
      <P Name="ZOrder">178</P>
      <P Name="Points">[0, -85]</P>
      <P Name="Dst">41#in:1</P>
    </Branch>
    <Branch>
      <P Name="ZOrder">177</P>
      <P Name="Dst">18#in:1</P>
    </Branch>
  </Line>
  <Line>
    <P Name="ZOrder">33</P>
    <P Name="Src">19#out:1</P>
    <P Name="Points">[5, 0]</P>
    <P Name="Dst">20#in:2</P>
  </Line>
  <Line>
    <P Name="ZOrder">30</P>
    <P Name="Src">18#out:1</P>
    <P Name="Points">[8, 0]</P>
    <Branch>
      <P Name="ZOrder">167</P>
      <P Name="Points">[0, -75]</P>
      <P Name="Dst">39#in:1</P>
    </Branch>
    <Branch>
      <P Name="ZOrder">166</P>
      <P Name="Dst">13#in:1</P>
    </Branch>
  </Line>
  <Line>
    <P Name="ZOrder">2</P>
    <P Name="Src">1#out:1</P>
    <P Name="Dst">15#in:1</P>
  </Line>
  <Line>
    <P Name="ZOrder">164</P>
    <P Name="Src">38#out:1</P>
    <P Name="Dst">2#in:1</P>
  </Line>
</System>
