<?xml version="1.0" encoding="utf-8"?>
<System>
  <P Name="Location">[-1, -8, 1367, 729]</P>
  <P Name="Open">on</P>
  <P Name="ZoomFactor">200</P>
  <P Name="ReportName">simulink-default.rpt</P>
  <P Name="SIDHighWatermark">5</P>
  <Block BlockType="Constant" Name="Constant" SID="5">
    <P Name="Position">[105, 130, 135, 160]</P>
    <P Name="ZOrder">314</P>
    <P Name="Value">10</P>
  </Block>
  <Block BlockType="DashboardScope" Name="Dashboard Scope" SID="4">
    <P Name="Position">[410, 70, 640, 235]</P>
    <P Name="ZOrder">313</P>
    <P Name="ForegroundColor">[0.815690, 0.823530, 0.827450]</P>
    <P Name="ShowName">off</P>
    <P Name="BindingPersistence" Ref="bdmxdata:BindingPersistence_4"/>
    <P Name="NormalizeYAxis">on</P>
    <P Name="FontColor" Ref="bdmxdata:FontColor_4"/>
    <P Name="Colors" Ref="bdmxdata:Colors_4"/>
  </Block>
  <Block BlockType="Scope" Name="Scope" SID="3">
    <PortCounts in="1"/>
    <P Name="Position">[330, 129, 360, 161]</P>
    <P Name="ZOrder">312</P>
    <P Name="ScopeSpecificationString">Simulink.scopes.TimeScopeBlockCfg(&apos;CurrentConfiguration&apos;, extmgr.ConfigurationSet(extmgr.Configuration(&apos;Core&apos;,&apos;General UI&apos;,true),extmgr.Configuration(&apos;Core&apos;,&apos;Source UI&apos;,true),extmgr.Configuration(&apos;Sources&apos;,&apos;WiredSimulink&apos;,true),extmgr.Configuration(&apos;Visuals&apos;,&apos;Time Domain&apos;,true),extmgr.Configuration(&apos;Tools&apos;,&apos;Plot Navigation&apos;,true),extmgr.Configuration(&apos;Tools&apos;,&apos;Measurements&apos;,true)),&apos;Version&apos;,&apos;2023a&apos;)</P>
    <P Name="NumInputPorts">1</P>
    <P Name="Floating">off</P>
  </Block>
  <Block BlockType="StateSpace" Name="State-Space" SID="2">
    <PortCounts in="1" out="1"/>
    <P Name="Position">[195, 128, 255, 162]</P>
    <P Name="ZOrder">311</P>
    <P Name="A">A</P>
    <P Name="B">B</P>
    <P Name="C">C</P>
    <P Name="D">D</P>
    <P Name="InitialCondition">0</P>
  </Block>
  <Line>
    <P Name="ZOrder">1</P>
    <P Name="Src">2#out:1</P>
    <P Name="Dst">3#in:1</P>
  </Line>
  <Line>
    <P Name="ZOrder">2</P>
    <P Name="Src">5#out:1</P>
    <P Name="Dst">2#in:1</P>
  </Line>
</System>
